苗字,名前,アドレス,誕生日,電話番号
片山,愛,katayama_ai@example.com,2014/10/27,022-632-3916
一木,慎之介,ichiki_shinnosuke@example.com,2014/12/22,094-217-7885
沢井,満,sawai_mitsuru@example.com,2015/3/28,052- 52-8267
山西,小百合,yamanishi_sayuri@example.com,2014/9/21,087-704-1057
小野寺,隼士,onodera_shunji@example.com,2015/4/29,018-213-1284
三谷,りえ,mitani_rie@example.com,2015/1/25,029-621- 568
七瀬,みき,nanase_miki@example.com,2014/11/3,069-476- 524
杉野,美嘉,sugino_mika@example.com,2015/1/1,066-679-9396
生田,愛,namata_ai@example.com,2014/9/13,010-442-1157
柳田,和久,yanagida_kazuhisa@example.com,2015/2/12,088-166-8424
布施,妃里,fuse_yuri@example.com,2014/12/19,099-605-5928
川田,あい,kawata_ai@example.com,2014/8/15,037-688-9026
米谷,正敏,yoneya_masatoshi@example.com,2015/4/26,061- 19-8166
相原,あさみ,aihara_asami@example.com,2014/7/11,046-333- 629
井上,明,inoue_akira@example.com,2014/10/26,015-241-6865
和田,隆太,wada_ryuuta@example.com,2014/11/20,051-870-1155
岩間,愛子,iwama_aiko@example.com,2015/3/30,033-345- 264
小室,隆,komuro_takashi@example.com,2014/8/30,019-773-4855
森山,紗季,moriyama_saki@example.com,2014/11/17,064-800- 469
大石,未華子,ooishi_mikako@example.com,2015/5/9,038-413-3513
若林,寿明,wakabayashi_toshiaki@example.com,2015/1/26,036-651-7509
岩田,由宇,iwata_yuu@example.com,2014/11/15,056-762-8603
永井,倫子,nagai_noriko@example.com,2014/12/20,036-491-2365
倉持,長利,kuramochi_nagatoshi@example.com,2015/5/10,043-379- 134
星野,惇,hoshino_jun@example.com,2015/4/23,036-189-7555
水谷,郁恵,mizutani_ikue@example.com,2015/5/18,073-462-2082
川口,精児,kawaguchi_seiji@example.com,2014/7/30,032-306-2878
熊沢,光臣,kumasawa_mitsuomi@example.com,2015/5/19,048-747-9848
大林,染五郎,oobayashi_somegorou@example.com,2014/6/10,099-275-7123
鎌田,貴嶺,kamata_takane@example.com,2015/3/8,042-303-5635
石倉,和香,ishikura_waka@example.com,2015/4/23,021-172-2559
塚原,あき,tsukahara_aki@example.com,2014/7/2,050-702-7502
大平,徹平,oohira_teppei@example.com,2014/9/25,094-793-3613
矢口,大五郎,yaguchi_daigorou@example.com,2014/10/23,032-933-4664
村上,さとみ,murakami_satomi@example.com,2014/12/12,049-317-9486
佐藤,雄太,satou_yuuta@example.com,2015/5/9,031-287-8909
瀬尾,勇太,seo_yuuta@example.com,2014/6/14,082-513-9907
大和,長利,yamato_nagatoshi@example.com,2014/12/14,085-448-1492
小椋,聡,ogura_satoshi@example.com,2015/2/16,095- 86-5516
安倍,知史,abe_tomofumi@example.com,2014/12/13,066-364-9040
荒木,隆之介,araki_ryuunosuke@example.com,2014/12/3,063-445-8399
武井,仁,takei_jin@example.com,2014/6/9,017-302-6646
荒井,夏空,arai_sora@example.com,2015/6/5,010-140-2391
井上,啓介,inoue_keisuke@example.com,2015/5/18,024-492-3084
藤本,勤,fujimoto_tsutomu@example.com,2014/9/13,087-316-7330
今,基祐,ima_kisuke@example.com,2014/9/19,087-155-1686
土田,杏,tsuchida_ann@example.com,2015/3/10,084-265-1472
松島,かおり,matsushima_kaori@example.com,2014/10/17,046-752-1609
江川,健,egawa_ken@example.com,2014/11/18,059-118-3611
北沢,未華子,kitazawa_mikako@example.com,2014/12/9,041-125-1870
倉本,優一,kuramoto_yuuichi@example.com,2015/3/14,033-777-2711
吉永,美佐子,yoshinaga_misako@example.com,2014/7/20,051-713-4321
久保田,瞬,kubota_shun@example.com,2014/6/22,064-658-1484
中西,まさし,nakanishi_masashi@example.com,2015/1/21,017-361-9691
宮野,一代,miyano_kazuyo@example.com,2015/2/5,046-838-9446
国分,れいな,kokubunn_reina@example.com,2015/2/3,042-767-1650
柏木,雅彦,kashiwagi_masahiko@example.com,2014/8/10,047-936-5587
沢村,勝久,sawamura_katsuhisa@example.com,2014/11/10,095-627-9641
大野,了,oono_ryou@example.com,2015/1/23,025-836-5615
堀井,千佳子,horii_chikako@example.com,2015/4/13,030-776-9765
赤坂,薫,akasaka_kaoru@example.com,2015/3/31,095-222- 298
前野,美菜,maeno_mina@example.com,2014/10/6,079-569- 408
堤,圭,tsutsumi_kei@example.com,2015/3/24,087-382-1037
馬場,真悠子,baba_mayuko@example.com,2015/3/29,082-548-2478
塩谷,エリカ,shiotani_erika@example.com,2015/2/12,082-681-4582
原,達士,hara_tatsuhito@example.com,2015/2/9,055-703-3151
寺島,郁恵,terajima_ikue@example.com,2015/1/29,081-363-8565
佐竹,勝久,satake_katsuhisa@example.com,2015/4/13,060-974-3019
小市,あさみ,koichi_asami@example.com,2015/5/9,032-480-2960
富山,菊生,tomiyama_kikuo@example.com,2015/5/21,038-708-3508
浅沼,真一,asanuma_shinichi@example.com,2014/11/19,097-956-4102
栗林,鉄二,kuribayashi_tetsuji@example.com,2014/7/28,056-766-9620
川原,六郎,kawahara_rokurou@example.com,2014/7/31,053-364-8741
柳沢,正義,yanagisawa_masayoshi@example.com,2015/2/12,095-499-516
日野,明,hino_akira@example.com,2015/3/29,065-456-6727
山根,勝久,yamane_katsuhisa@example.com,2015/3/16,073-612-1504
安斎,莉緒,annzai_rio@example.com,2014/12/26,044-832-5142
浅野,薫,asano_kaoru@example.com,2014/6/28,063-709-7772
役所,優一,yakusho_yuuichi@example.com,2014/8/6,0 9-310-1512
小町,禄郎,komachi_rokurou@example.com,2014/11/28,047-262-5960
井川,亮介,igawa_ryousuke@example.com,2015/3/21,011-158-3584
松村,大五郎,matsumura_daigorou@example.com,2014/8/11,032-645-831
三宅,優,miyake_yuu@example.com,2014/9/8,077-746-1989
池内,浩介,ikeuchi_kousuke@example.com,2015/5/9,096-473-2951
佐古,早織,sako_saori@example.com,2014/10/14,078-713-6073
船橋,遥,funabashi_haruka@example.com,2015/4/1,074-478-761
大谷,涼,ootani_ryou@example.com,2014/9/23,045-986-2668
川辺,ジローラモ,kawabe_girolamo@example.com,2015/1/8,034-4-946
星,獅童,hoshi_shidou@example.com,2015/1/15,090-217- 321
高原,康文,takahara_yasufumi@example.com,2015/4/4,046-462-120
岩田,昌代,iwata_masayo@example.com,2015/4/14,090-108-4532
大友,麗奈,ootomo_rena@example.com,2014/12/9,060-842-6514
川合,ひとり,kawai_hitori@example.com,2014/9/25,042-825-2058
手島,直人,tejima_naoto@example.com,2015/4/26,089-217-5149
中村,コウ,nakamura_kou@example.com,2014/10/10,04-274-7988
松崎,亮,matsuzaki_ryou@example.com,2015/2/26,033-645- 619
植木,めぐみ,ueki_megumi@example.com,2014/7/22,040-179-8827
佐藤,三省,satou_sansei@example.com,2014/10/2,048-695-4559
坂本,砂羽,sakamoto_sawa@example.com,2014/8/2,082-175-8405
佐竹,七世,satake_nanase@example.com,2014/9/24,049-966-6524